
{
  "vhosts": [
    {
      "name": "/"
    }
  ],
  "users": [
    {
      "name": "admin",
      "password": "admin",
      "tags": "administrator"
    }
  ],
  "permissions": [
    {
      "user":"admin",
      "vhost":"/",
      "configure":".*",
      "write":".*",
      "read":".*"
    }
  ],
  "policies": [
    {
      "name": "ha-all",
      "apply-to": "all",
      "definition": {
        "ha-mode": "all",
        "ha-sync-mode": "automatic",
        "ha-sync-batch-size": 1,
	"ha-promote-on-failure":"when-synced"
      },
      "pattern": "^ha\.",
      "priority": 0,
      "vhost": "/"
    }
  ],
  "queues":
  [
    {
      "name": "ResponseQ",
      "vhost": "/",
      "durable": true,
      "auto_delete": false,
      "arguments": {}
    }
  ]
}

